<?xml version="1.0" encoding="UTF-8"?>
<!DOCTYPE hibernate-configuration PUBLIC
		"-//Hibernate/Hibernate Configuration DTD 3.0//EN"
		"http://hibernate.sourceforge.net/hibernate-configuration-3.0.dtd">
<hibernate-configuration>
    <session-factory>
   		        <mapping class="com.wipro.srs.bean.CredentialsBean"/>
   		        <mapping class="com.wipro.srs.bean.ProfileBean"/>
   		        <mapping class="com.wipro.srs.bean.ShipBean"/>
   		        <mapping class="com.wipro.srs.bean.ScheduleBean"/>
   		        <mapping class="com.wipro.srs.bean.RouteBean"/>
   		        <mapping class="com.wipro.srs.bean.ReservationBean"/>
   		        <mapping class="com.wipro.srs.bean.PassengerBean"/>
   		        <mapping class="com.wipro.srs.bean.CreditCardBean"/>
   		         <mapping class="com.wipro.srs.bean.PassengerPK"/>
    </session-factory>
</hibernate-configuration>
